TWOU,2U Inc,NASDAQ,5344552771.8
JOBS,51job Inc,NASDAQ,4035305938.25
ABMD,ABIOMED Inc,NASDAQ,18247922185.99
ATVI,Activision Blizzard Inc,NASDAQ,56930510133.18
ADBE,Adobe Systems Incorporated,NASDAQ,125062841573.25
AMD,Advanced Micro Devices Inc,NASDAQ,15189620291.96
AGIO,Agios Pharmaceuticals Inc,NASDAQ,5488663568.88
AGNC,AGNC Investment Corp,NASDAQ,8020676969.69
AGNCB,AGNC Investment Corp,NASDAQ,9010265888.6142
AKAM,Akamai Technologies Inc,NASDAQ,13262530260.43
ALXN,Alexion Pharmaceuticals Inc,NASDAQ,26835804964.43
ALGN,Align Technology Inc,NASDAQ,27761431153.17
ALKS,Alkermes plc,NASDAQ,7489878533.5
ALNY,Alnylam Pharmaceuticals Inc,NASDAQ,10219108302.26
GOOG,Alphabet Inc,NASDAQ,789618597679.44
GOOGL,Alphabet Inc,NASDAQ,796612703722.85
AABA,Altaba Inc,NASDAQ,65018115149.04
AMZN,Amazoncom Inc,NASDAQ,822823522458
DOX,Amdocs Limited,NASDAQ,9903358150
UHAL,Amerco,NASDAQ,6641353873.48
AMOV,America Movil SAB de CV,NASDAQ,50296565945.8944
AAL,American Airlines Group Inc,NASDAQ,20687665559.31
AMGN,Amgen Inc,NASDAQ,121456137584.85
ADI,Analog Devices Inc,NASDAQ,37868613513.2
ANGI,ANGI Homeservices Inc,NASDAQ,7717610483.88
ANSS,ANSYS Inc,NASDAQ,14412254222.88
AAPL,Apple Inc,NASDAQ,953438469240
AMAT,Applied Materials Inc,NASDAQ,52952748937.86
ACGL,Arch Capital Group Ltd,NASDAQ,11079293121.6
ARCC,Ares Capital Corporation,NASDAQ,7242806418
ARRS,ARRIS International plc,NASDAQ,4870779463.55
ASML,ASML Holding NV,NASDAQ,15787811071.93
AZPN,Aspen Technology Inc,NASDAQ,6836670725.08
ATHN,athenahealth Inc,NASDAQ,6362106474.24
TEAM,Atlassian Corporation Plc,NASDAQ,15870784786.62
ADSK,Autodesk Inc,NASDAQ,30221693887.32
ADP,Automatic Data Processing Inc,NASDAQ,59955088296.4
AVT,Avnet Inc,NASDAQ,4637856420.83
BIDU,Baidu Inc,NASDAQ,74097570694.8
OZRK,Bank of the Ozarks,NASDAQ,6336915788.97
BGNE,BeiGene Ltd,NASDAQ,7781923906.5
BIIB,Biogen Inc,NASDAQ,64093663293.75
BMRN,BioMarin Pharmaceutical Inc,NASDAQ,16300036083.36
TECH,Bio-Techne Corp,NASDAQ,5985140955.85
BLKB,Blackbaud Inc,NASDAQ,5005446172.4
BLUE,bluebird bio Inc,NASDAQ,9364785973.2
BOKF,BOK Financial Corporation,NASDAQ,6874557215.1
BKNG,Booking Holdings Inc,NASDAQ,103758276117.7
BHF,Brighthouse Financial Inc,NASDAQ,5606579091.86
AVGO,Broadcom Inc,NASDAQ,108241363087.2
BPY,Brookfield Property Partners LP,NASDAQ,5043076294.38
BRKR,Bruker Corporation,NASDAQ,4819818428.64
CHRW,CH Robinson Worldwide Inc,NASDAQ,12225152767.6
CA,CA Inc,NASDAQ,15189864059.96
CDNS,Cadence Design Systems Inc,NASDAQ,12437692720
CZR,Caesars Entertainment Corporation,NASDAQ,8483532772.5
CAVM,Cavium Inc,NASDAQ,5926741387.68
CBOE,Cboe Global Markets Inc,NASDAQ,11285021779.68
CDK,CDK Global Inc,NASDAQ,8568931509.56
CDW,CDW Corporation,NASDAQ,12907130506.2
CELG,Celgene Corporation,NASDAQ,55691859858.89
CDEV,Centennial Resource Development Inc,NASDAQ,4530137674.98
CERN,Cerner Corporation,NASDAQ,20343529705.58
CHTR,Charter Communications Inc,NASDAQ,65323820460.5
CHKP,Check Point Software Technologies Ltd,NASDAQ,15717398215.04
CHFC,Chemical Financial Corporation,NASDAQ,4180661912.7
HTHT,China Lodging Group Limited,NASDAQ,7021783421.2
CHDN,Churchill Downs Incorporated,NASDAQ,4131456670.15
CMPR,Cimpress NV,NASDAQ,4404343007.09
CINF,Cincinnati Financial Corporation,NASDAQ,11554235391.42
CTAS,Cintas Corporation,NASDAQ,20376221818.86
CSCO,Cisco Systems Inc,NASDAQ,208149579184.44
CTXS,Citrix Systems Inc,NASDAQ,14802081785.16
CME,CME Group Inc,NASDAQ,59092584023.32
CGNX,Cognex Corporation,NASDAQ,8090528116.76
CTSH,Cognizant Technology Solutions Corporation,NASDAQ,45782140280.42
COHR,Coherent Inc,NASDAQ,4188438393.21
COLM,Columbia Sportswear Company,NASDAQ,6392186956.23
CMCSA,Comcast Corporation,NASDAQ,148494922800
CBSH,Commerce Bancshares Inc,NASDAQ,7152675340.8
COMM,CommScope Holding Company Inc,NASDAQ,5774100410.52
CPRT,Copart Inc,NASDAQ,13274695529.55
CSGP,CoStar Group Inc,NASDAQ,14604118027.3
COST,Costco Wholesale Corporation,NASDAQ,86694071320
CACC,Credit Acceptance Corporation,NASDAQ,7059677138.4
CREE,Cree Inc,NASDAQ,4953094164.48
CSX,CSX Corporation,NASDAQ,57186847160.18
CTRP,Ctripcom International Ltd,NASDAQ,22193822134.4
CY,Cypress Semiconductor Corporation,NASDAQ,6087196740.96
CONE,CyrusOne Inc,NASDAQ,5778374125.7
XRAY,DENTSPLY SIRONA Inc,NASDAQ,9782129928.01
DXCM,DexCom Inc,NASDAQ,8296719839.27
FANG,Diamondback Energy Inc,NASDAQ,11066172205.76
DISCA,Discovery Inc,NASDAQ,11675110794.36
DISCB,Discovery Inc,NASDAQ,14332817142.45
DISCK,Discovery Inc,NASDAQ,11053760980.17
DISH,DISH Network Corporation,NASDAQ,14544869956.8
DOCU,DocuSign Inc,NASDAQ,8724974132.88
DLTR,Dollar Tree Inc,NASDAQ,19400108919.48
DBX,Dropbox Inc,NASDAQ,12504413893.77
DNKN,Dunkin&#39; Brands Group Inc,NASDAQ,5488314148.8
ETFC,E*TRADE Financial Corporation,NASDAQ,17415406118.24
EWBC,East West Bancorp Inc,NASDAQ,10580452471.14
EBAY,eBay Inc,NASDAQ,39709422458.3
SATS,EchoStar Corporation,NASDAQ,4624693444.59
ESLT,Elbit Systems Ltd,NASDAQ,5342010090.9
EA,Electronic Arts Inc,NASDAQ,42017702255.84
ESGR,Enstar Group Limited,NASDAQ,4612314445.2
ENTG,Entegris Inc,NASDAQ,5350653743
EQIX,Equinix Inc,NASDAQ,31426343403.72
ERIE,Erie Indemnity Company,NASDAQ,5934377119.32
EEFT,Euronet Worldwide Inc,NASDAQ,4474253551.75
EXAS,Exact Sciences Corporation,NASDAQ,7967271580.8
EXEL,Exelixis Inc,NASDAQ,5907640962
EXPE,Expedia Group Inc,NASDAQ,18379587424.01
EXPD,Expeditors International of Washington Inc,NASDAQ,13415431756.8
EXPO,Exponent Inc,NASDAQ,5440141609.2
ESRX,Express Scripts Holding Company,NASDAQ,42988508130
FFIV,F5 Networks Inc,NASDAQ,10928511520.26
FB,Facebook Inc,NASDAQ,553858073302.32
FAST,Fastenal Company,NASDAQ,14985711623.51
FGEN,FibroGen Inc,NASDAQ,4727359463.2
FITB,Fifth Third Bancorp,NASDAQ,21695938145.4
FCFS,First Cash Inc,NASDAQ,4321260276.3
FCNCA,First Citizens BancShares Inc,NASDAQ,5372013948.4
FHB,First Hawaiian Inc,NASDAQ,4202832741.04
FSLR,First Solar Inc,NASDAQ,5817500662.59
FISV,Fiserv Inc,NASDAQ,31141760269.84
FIVE,Five Below Inc,NASDAQ,4520662495.36
FLEX,Flex Ltd,NASDAQ,7508677517.83
FLIR,FLIR Systems Inc,NASDAQ,7592067495.65
FTNT,Fortinet Inc,NASDAQ,10638866408.35
GLPI,Gaming and Leisure Properties Inc,NASDAQ,7549433796.32
GRMN,Garmin Ltd,NASDAQ,11667590560.02
GLIBA,GCI Liberty Inc,NASDAQ,4657698190
GNTX,Gentex Corporation,NASDAQ,6660131128.32
GILD,Gilead Sciences Inc,NASDAQ,93579772079.04
LOPE,Grand Canyon Education Inc,NASDAQ,5519227529.55
GSKY,GreenSky Inc,NASDAQ,4954463311.86
GWPH,GW Pharmaceuticals Plc,NASDAQ,4258660478.88
HWC,Hancock Whitney Corporation,NASDAQ,4520212961
HAS,Hasbro Inc,NASDAQ,11048244878.78
HDS,HD Supply Holdings Inc,NASDAQ,7965164027.16
HQY,HealthEquity Inc,NASDAQ,4968472949.22
HSIC,Henry Schein Inc,NASDAQ,10963499713.54
HOLX,Hologic Inc,NASDAQ,10366225391.8
HOMB,Home BancShares Inc,NASDAQ,4101973688.54
HPT,Hospitality Properties Trust,NASDAQ,4711878576.49
HBAN,Huntington Bancshares Incorporated,NASDAQ,17176996023.12
HBANO,Huntington Bancshares Incorporated,NASDAQ,21351267263.6
IAC,IAC/InterActiveCorp,NASDAQ,13321963992.65
IBKC,IBERIABANK Corporation,NASDAQ,4721689065.65
IEP,Icahn Enterprises LP,NASDAQ,12590476140.5
ICLR,ICON plc,NASDAQ,7175560184.21
ICUI,ICU Medical Inc,NASDAQ,5948821699.2
IDXX,IDEXX Laboratories Inc,NASDAQ,19067344324.65
INFO,IHS Markit Ltd,NASDAQ,20586993163.24
ILG,ILG Inc,NASDAQ,4327603880.29
ILMN,Illumina Inc,NASDAQ,41931750000
IMMU,Immunomedics Inc,NASDAQ,4222152850.98
INCY,Incyte Corporation,NASDAQ,14530486123.65
INGN,Inogen Inc,NASDAQ,4063516800.33
PODD,Insulet Corporation,NASDAQ,5672953950.75
IART,Integra LifeSciences Holdings Corporation,NASDAQ,5679552360.91
IDTI,Integrated Device Technology Inc,NASDAQ,4476434933.39
INTC,Intel Corporation,NASDAQ,265759800000
IBKR,Interactive Brokers Group Inc,NASDAQ,28980314554.03
INTU,Intuit Inc,NASDAQ,53755245079
ISRG,Intuitive Surgical Inc,NASDAQ,55897532490.96
QQQ,Invesco QQQ Trust Series 1,NASDAQ,68189715000
ISBC,Investors Bancorp Inc,NASDAQ,4134611200.6
IONS,Ionis Pharmaceuticals Inc,NASDAQ,5851760115.6
IPGP,IPG Photonics Corporation,NASDAQ,14006742835.38
CSJ,iShares 1-3 Year Credit Bond ETF,NASDAQ,10861346000
SHY,iShares 1-3 Year Treasury Bond ETF,NASDAQ,13781232000
TLT,iShares 20+ Year Treasury Bond ETF,NASDAQ,6495078000
IEI,iShares 3-7 Year Treasury Bond ETF,NASDAQ,7424192000
IEF,iShares 7-10 Year Treasury Bond ETF,NASDAQ,8113600000
IXUS,iShares Core MSCI Total International Stock ETF,NASDAQ,10169640000
IUSG,iShares Core S&P US Growth ETF,NASDAQ,4224780000
CIU,iShares Intermediate Credit Bond ETF,NASDAQ,6944965000
EMB,iShares JP Morgan USD Emerging Markets Bond ETF,NASDAQ,12029735000
MBB,iShares MBS ETF,NASDAQ,11812848000
ACWI,iShares MSCI ACWI Index Fund,NASDAQ,8658384000
AAXJ,iShares MSCI All Country Asia ex Japan Index Fund,NASDAQ,4925994000
SCZ,iShares MSCI EAFE Small-Cap ETF,NASDAQ,11446832000
IBB,iShares Nasdaq Biotechnology Index Fund,NASDAQ,8952120000
IJT,iShares S&P Small-Cap 600 Growth ETF,NASDAQ,6105752000
DVY,iShares Select Dividend ETF,NASDAQ,16858916000
SHV,iShares Short Treasury Bond ETF,NASDAQ,14248176000
PFF,iShares US Preferred Stock ETF,NASDAQ,16297632000
JBHT,JB Hunt Transport Services Inc,NASDAQ,13913719693.86
JCOM,j2 Global Inc,NASDAQ,4286303693.12
JKHY,Jack Henry & Associates Inc,NASDAQ,9981046145.41
JAZZ,Jazz Pharmaceuticals plc,NASDAQ,10516738104.96
JD,JDcom Inc,NASDAQ,37259888345.6
JBLU,JetBlue Airways Corporation,NASDAQ,5940644128.89
KLAC,KLA-Tencor Corporation,NASDAQ,18304058706.69
LRCX,Lam Research Corporation,NASDAQ,32745063370.05
LAMR,Lamar Advertising Company,NASDAQ,7045875958.2
LSTR,Landstar System Inc,NASDAQ,4728442638
LBRDA,Liberty Broadband Corporation,NASDAQ,12935257034.49
LBRDK,Liberty Broadband Corporation,NASDAQ,13049503661.88
LBTYA,Liberty Global plc,NASDAQ,23140523123.77
LBTYB,Liberty Global plc,NASDAQ,23028771718.55
LBTYK,Liberty Global plc,NASDAQ,22422121233.07
FWONK,Liberty Media Corporation,NASDAQ,7478765846.69
LSXMK,Liberty Media Corporation,NASDAQ,15450714572.28
LGND,Ligand Pharmaceuticals Incorporated,NASDAQ,4204683346
LECO,Lincoln Electric Holdings Inc,NASDAQ,6039951130.65
LFUS,Littelfuse Inc,NASDAQ,5571630141
LIVN,LivaNova PLC,NASDAQ,4675980257.58
LKQ,LKQ Corporation,NASDAQ,10115147444.82
LOGI,Logitech International SA,NASDAQ,7225164817.2
LOGM,LogMein Inc,NASDAQ,5671530000
LOXO,Loxo Oncology Inc,NASDAQ,5316687138.36
LPLA,LPL Financial Holdings Inc,NASDAQ,6415130802.63
LULU,lululemon athletica inc,NASDAQ,16851451380.72
MDGL,Madrigal Pharmaceuticals Inc,NASDAQ,4473302891.4
MKTX,MarketAxess Holdings Inc,NASDAQ,7945115747.85
MAR,Marriott International,NASDAQ,50024520580.32
MRVL,Marvell Technology Group Ltd,NASDAQ,11049835302.99
MASI,Masimo Corporation,NASDAQ,5292957728.46
MTCH,Match Group Inc,NASDAQ,11794175357.38
MAT,Mattel Inc,NASDAQ,5518027515.12
MXIM,Maxim Integrated Products Inc,NASDAQ,17169417870.57
MBFI,MB Financial Inc,NASDAQ,4300569086.55
MDSO,Medidata Solutions Inc,NASDAQ,4793468097.78
MLCO,Melco Resorts & Entertainment Limited,NASDAQ,5196453513.6
MLNX,Mellanox Technologies Ltd,NASDAQ,4592439192
MELI,MercadoLibre Inc,NASDAQ,13909569660
MEOH,Methanex Corporation,NASDAQ,5712092340.5
MCHP,Microchip Technology Incorporated,NASDAQ,24281641786.93
MU,Micron Technology Inc,NASDAQ,68913209501.58
MSFT,Microsoft Corporation,NASDAQ,787450912082.47
MKSI,MKS Instruments Inc,NASDAQ,6493428600
MOMO,Momo Inc,NASDAQ,7152576004.1
MDLZ,Mondelez International Inc,NASDAQ,58250436978.58
MPWR,Monolithic Power Systems Inc,NASDAQ,5787691601.04
MNST,Monster Beverage Corporation,NASDAQ,29934673568.8
MORN,Morningstar Inc,NASDAQ,5331690487.2
MYL,Mylan NV,NASDAQ,20866230740.96
NDAQ,Nasdaq Inc,NASDAQ,15840043738.34
FIZZ,National Beverage Corp,NASDAQ,4485620325.6
NATI,National Instruments Corporation,NASDAQ,5713968822.25
NKTR,Nektar Therapeutics,NASDAQ,10280720510.48
NTAP,NetApp Inc,NASDAQ,20070090056.28
NTES,NetEase Inc,NASDAQ,17869360765.41
NFLX,Netflix Inc,NASDAQ,159727780804.55
NBIX,Neurocrine Biosciences Inc,NASDAQ,8962816941.1
NWS,News Corporation,NASDAQ,9384653614
NWSA,News Corporation,NASDAQ,9151494518
NICE,NICE Ltd,NASDAQ,4604723587.8
NDSN,Nordson Corporation,NASDAQ,7636774320
NTRS,Northern Trust Corporation,NASDAQ,24017820741.25
NCLH,Norwegian Cruise Line Holdings Ltd,NASDAQ,11582743570.35
NUAN,Nuance Communications Inc,NASDAQ,4133096170.22
NTNX,Nutanix Inc,NASDAQ,9234144163
NVDA,NVIDIA Corporation,NASDAQ,160946050000
NXPI,NXP Semiconductors NV,NASDAQ,39394147988.16
OKTA,Okta Inc,NASDAQ,5765447536.12
ODFL,Old Dominion Freight Line Inc,NASDAQ,12950513421.85
OLLI,Ollie&#39;s Bargain Outlet Holdings Inc,NASDAQ,4663642293.2
ON,ON Semiconductor Corporation,NASDAQ,11185044574.56
OTEX,Open Text Corporation,NASDAQ,9537947285.82
ORLY,O&#39;Reilly Automotive Inc,NASDAQ,22864024823.59
PCAR,PACCAR Inc,NASDAQ,23040155895.33
PACW,PacWest Bancorp,NASDAQ,6981069723.74
PTEN,Patterson-UTI Energy Inc,NASDAQ,4240954065.52
PAYX,Paychex Inc,NASDAQ,24455874299.76
PYPL,PayPal Holdings Inc,NASDAQ,101177231358.25
PEGA,Pegasystems Inc,NASDAQ,5138857516.2
PBCT,People&#39;s United Financial Inc,NASDAQ,6654899157.55
PEP,Pepsico Inc,NASDAQ,142961693294.04
PPC,Pilgrim&#39;s Pride Corporation,NASDAQ,4847653430.73
PNFP,Pinnacle Financial Partners Inc,NASDAQ,5061442100
POOL,Pool Corporation,NASDAQ,5987279296.18
BPOP,Popular Inc,NASDAQ,4838119238.7
PRAH,PRA Health Sciences Inc,NASDAQ,5485565279.81
PFG,Principal Financial Group Inc,NASDAQ,16298240349.3
PFPT,Proofpoint Inc,NASDAQ,6325185724.48
PTC,PTC Inc,NASDAQ,10297056099.44
QGEN,Qiagen NV,NASDAQ,8358740250
QRVO,Qorvo Inc,NASDAQ,10130629190.67
QCOM,QUALCOMM Incorporated,NASDAQ,88734196689.6
QRTEA,Qurate Retail Inc,NASDAQ,9960522696.6
QRTEB,Qurate Retail Inc,NASDAQ,9904168961.4
RP,RealPage Inc,NASDAQ,5035303451.1
RRR,Red Rock Resorts Inc,NASDAQ,4093135621.42
REGN,Regeneron Pharmaceuticals Inc,NASDAQ,33990293023.14
ROST,Ross Stores Inc,NASDAQ,31994455967.5
RGLD,Royal Gold Inc,NASDAQ,6050560087.48
RYAAY,Ryanair Holdings plc,NASDAQ,12177737346.06
SABR,Sabre Corporation,NASDAQ,7025868882.76
SAGE,Sage Therapeutics Inc,NASDAQ,7166233083.48
SRPT,Sarepta Therapeutics Inc,NASDAQ,6393864158.22
SBAC,SBA Communications Corporation,NASDAQ,18180952242.08
SGMS,Scientific Games Corp,NASDAQ,5525963322.6
STX,Seagate Technology PLC,NASDAQ,16841937279.22
SGEN,Seattle Genetics Inc,NASDAQ,10341548614.08
SEIC,SEI Investments Company,NASDAQ,10594809987.06
SNH,Senior Housing Properties Trust,NASDAQ,4165632530.93
SHPG,Shire plc,NASDAQ,11246389323.96
SBNY,Signature Bank,NASDAQ,7311079130.25
SLAB,Silicon Laboratories Inc,NASDAQ,4735963608.95
SINA,Sina Corporation,NASDAQ,6603156538.52
SIRI,Sirius XM Holdings Inc,NASDAQ,32023020336.45
SWKS,Skyworks Solutions Inc,NASDAQ,18263908843.67
SLM,SLM Corporation,NASDAQ,5196541104.12
SPLK,Splunk Inc,NASDAQ,17080785344.7
SSNC,SS&C Technologies Holdings Inc,NASDAQ,12445021222.03
STMP,Stampscom Inc,NASDAQ,4675437055.05
SBUX,Starbucks Corporation,NASDAQ,78894600000
STLD,Steel Dynamics Inc,NASDAQ,11975991464.88
SRCL,Stericycle Inc,NASDAQ,5455503532.5
SIVB,SVB Financial Group,NASDAQ,17141830125.62
SYMC,Symantec Corporation,NASDAQ,13387942477.92
SYNH,Syneos Health Inc,NASDAQ,4517235190.35
SNPS,Synopsys Inc,NASDAQ,13624066952.72
TROW,T Rowe Price Group Inc,NASDAQ,30555330241.67
TTWO,Take-Two Interactive Software Inc,NASDAQ,12878001866.16
AMTD,TD Ameritrade Holding Corporation,NASDAQ,35590528099.84
TSLA,Tesla Inc ,NASDAQ,54249082357.5
TCBI,Texas Capital Bancshares Inc,NASDAQ,5017066223
TXN,Texas Instruments Incorporated,NASDAQ,115620022814.61
TXRH,Texas Roadhouse Inc,NASDAQ,4567652295.96
TFSL,TFS Financial Corporation,NASDAQ,4623392213.12
CG,The Carlyle Group LP,NASDAQ,7594258975.8
GT,The Goodyear Tire & Rubber Company,NASDAQ,6000518627.64
KHC,The Kraft Heinz Company,NASDAQ,70614457357.12
MSG,The Madison Square Garden Company,NASDAQ,6351482189.19
MIDD,The Middleby Corporation,NASDAQ,5622265714.08
TSG,The Stars Group Inc,NASDAQ,5562164586
ULTI,The Ultimate Software Group Inc,NASDAQ,8344156473.52
TMUS,T-Mobile US Inc,NASDAQ,48778316121.6
TSCO,Tractor Supply Company,NASDAQ,9369800686.53
TRMB,Trimble Inc,NASDAQ,8675336190.55
TRIP,TripAdvisor Inc,NASDAQ,7726204709.15
FOX,Twenty-First Century Fox Inc,NASDAQ,71971703241.9
FOXA,Twenty-First Century Fox Inc,NASDAQ,47982940388.7
UBNT,Ubiquiti Networks Inc,NASDAQ,6307744227.96
ULTA,Ulta Beauty Inc,NASDAQ,15397042254.3
UMPQ,Umpqua Holdings Corporation,NASDAQ,5429440213.02
UTHR,United Therapeutics Corporation,NASDAQ,4819452354.96
OLED,Universal Display Corporation,NASDAQ,4670940921.6
URBN,Urban Outfitters Inc,NASDAQ,5086874905.28
VNQI,Vanguard Global ex-US Real Estate ETF,NASDAQ,6252424781.04
VCIT,Vanguard Intermediate-Term Corporate Bond ETF,NASDAQ,18323160544
VMBS,Vanguard Mortgage-Backed Securities ETF,NASDAQ,5651720809
VCSH,Vanguard Short-Term Corporate Bond ETF,NASDAQ,20948601503.7
VTIP,Vanguard Short-Term Inflation-Protected Securities Index Fund,NASDAQ,4979459946.09
BNDX,Vanguard Total International Bond ETF,NASDAQ,11284596508.57
VXUS,Vanguard Total International Stock ETF,NASDAQ,11193431384.7
VRSN,VeriSign Inc,NASDAQ,16876236451.8
VRSK,Verisk Analytics Inc,NASDAQ,18082661445.16
VRTX,Vertex Pharmaceuticals Incorporated,NASDAQ,37197568965.04
VIA,Viacom Inc,NASDAQ,12937318853.15
VIAB,Viacom Inc,NASDAQ,9621170501.28
VIRT,Virtu Financial Inc,NASDAQ,6153509622.75
VOD,Vodafone Group Plc,NASDAQ,12596610447.72
WBA,Walgreens Boots Alliance Inc,NASDAQ,62623681187.55
WB,Weibo Corporation,NASDAQ,6740064390.93
WDC,Western Digital Corporation,NASDAQ,25351787407.92
WLTW,Willis Towers Watson Public Limited Company,NASDAQ,20423325879.95
WTFC,Wintrust Financial Corporation,NASDAQ,5403723917.28
WIX,Wixcom Ltd,NASDAQ,4489563342.5
WWD,Woodward Inc,NASDAQ,4769615595.89
WDAY,Workday Inc,NASDAQ,27714960000
WYNN,Wynn Resorts Limited,NASDAQ,19492460447.95
XEL,Xcel Energy Inc,NASDAQ,21550091832.5
XLNX,Xilinx Inc,NASDAQ,17905526640
YNDX,Yandex NV,NASDAQ,11731317286.6
YY,YY Inc,NASDAQ,5028431053.63
ZBRA,Zebra Technologies Corporation,NASDAQ,8489143293.9
Z,Zillow Group Inc,NASDAQ,12028278864.84
ZG,Zillow Group Inc,NASDAQ,11987675448
ZION,Zions Bancorporation,NASDAQ,11265121221.3
MMM,3M Company,NYSE,121030108608.52
WUBA,58com Inc,NYSE,12261314291.2
ABB,ABB Ltd,NYSE,49323480786.72
ABT,Abbott Laboratories,NYSE,111397550651.64
ABBV,AbbVie Inc,NYSE,158656207510.98
ACN,Accenture plc,NYSE,109506728190.52
AYI,Acuity Brands Inc,NYSE,4980609663.08
ADNT,Adient plc,NYSE,5232471163.68
ADT,ADT Inc,NYSE,5973591942.04
AAP,Advance Auto Parts Inc,NYSE,9667748903.49
ACM,AECOM,NYSE,5470363211
AEG,Aegon NV,NYSE,12858264932.82
AER,Aercap Holdings NV,NYSE,8089178622.74
AET,Aetna Inc,NYSE,58554171000
AMG,Affiliated Managers Group Inc,NYSE,9065197867.4
AFL,Aflac Incorporated,NYSE,35379434367.8
AGCO,AGCO Corporation,NYSE,5218606343.61
A,Agilent Technologies Inc,NYSE,20857679093.94
AEM,Agnico Eagle Mines Limited,NYSE,10383042551.88
AL,Air Lease Corporation,NYSE,4701352952.67
APD,Air Products and Chemicals Inc,NYSE,36765351417.69
ALK,Alaska Air Group Inc,NYSE,7643280482.37
ALB,Albemarle Corporation,NYSE,10596719840.49
AA,Alcoa Corporation,NYSE,9347031409.59
ARE,Alexandria Real Estate Equities Inc,NYSE,13008761905.68
AQN,Algonquin Power & Utilities Corp,NYSE,4532246414.91
BABA,Alibaba Group Holding Limited,NYSE,534463310935.8
Y,Alleghany Corporation,NYSE,8948657149.11
ALLE,Allegion plc,NYSE,7523632628.16
AGN,Allergan plc,NYSE,52683706363.26
ADS,Alliance Data Systems Corporation,NYSE,12317027084.49
LNT,Alliant Energy Corporation,NYSE,9057883929.64
ALSN,Allison Transmission Holdings Inc,NYSE,5844208488.7
ALL,Allstate Corporation (The),NYSE,32691975613.25
ALLY,Ally Financial Inc,NYSE,11400057019.56
ATUS,Altice USA Inc,NYSE,14815086216.6
MO,Altria Group,NYSE,106575030503.04
ACH,Aluminum Corporation of China Limited,NYSE,8101704715.11
ABEV,Ambev SA,NYSE,79692263136.72
AEE,Ameren Corporation,NYSE,13783495861.99
AMOV,America Movil SAB de CV,NYSE,50296565945.8944
AMX,America Movil SAB de CV,NYSE,50604420514.56
ACC,American Campus Communities Inc,NYSE,5672421150.5
AEO,American Eagle Outfitters Inc,NYSE,4268747714.92
AEP,American Electric Power Company Inc,NYSE,31427922620.7
AXP,American Express Company,NYSE,86870771838.85
AFG,American Financial Group Inc,NYSE,9854911839.01
AMH,American Homes 4 Rent,NYSE,6183339466.7
AIG,American International Group Inc,NYSE,48421040815.98
AMT,American Tower Corporation (REIT),NYSE,61408395137.76
AWK,American Water Works,NYSE,14104953212.04
AMP,AMERIPRISE FINANCIAL SERVICES INC,NYSE,20535017884
ABC,AmerisourceBergen Corporation (Holding Co),NYSE,19155924613.35
APH,Amphenol Corporation,NYSE,27261855741.68
AME,AMTEK Inc,NYSE,17590741523.64
APC,Anadarko Petroleum Corporation,NYSE,35772879101.4
ANDV,Andeavor,NYSE,21837199082.5
ANDX,Andeavor Logistics LP,NYSE,9436814950.2
BUD,Anheuser-Busch Inbev SA,NYSE,152522534196.77
NLY,Annaly Capital Management Inc,NYSE,12084048856.54
AM,Antero Midstream Partners LP,NYSE,5827960899.8
AR,Antero Resources Corporation,NYSE,6074712200.6
ANTM,Anthem Inc,NYSE,58149703611.46
AON,Aon plc,NYSE,34630307782.71
APA,Apache Corporation,NYSE,15125666877.36
AIV,Apartment Investment and Management Company,NYSE,6544193154.4
APO,Apollo Global Management LLC,NYSE,13089485360.71
APLE,Apple Hospitality REIT Inc,NYSE,4374148586.22
ATR,AptarGroup Inc,NYSE,5858756878.03
APTV,Aptiv PLC,NYSE,26739032418.9
WTR,Aqua America Inc,NYSE,5995150939.8
ARMK,Aramark,NYSE,9713085334.2
MT,ArcelorMittal,NYSE,35522991720.09
ADM,Archer-Daniels-Midland Company,NYSE,25045859646.15
ARNC,Arconic Inc,NYSE,8657179750.23
ARES,Ares Management LP,NYSE,4705548984
ANET,Arista Networks Inc,NYSE,20700037990.44
ARW,Arrow Electronics Inc,NYSE,6779100908.28
AJG,Arthur J Gallagher & Co,NYSE,12195886430
ASX,ASE Industrial Holding Co Ltd,NYSE,8738835334.5
ASGN,ASGN Incorporated,NYSE,4259652093.44
ASH,Ashland Global Holdings Inc,NYSE,4992230000
ASB,Associated Banc-Corp,NYSE,4893265920.3
AIZ,Assurant Inc,NYSE,6025079147
AGO,Assured Guaranty Ltd,NYSE,4161133516.8
AZN,Astrazeneca PLC,NYSE,92743923506.64
T,AT&T Inc,NYSE,204986580000
ATH,Athene Holding Ltd,NYSE,9133575829.84
ATO,Atmos Energy Corporation,NYSE,9529347742.2
AUO,AU Optronics Corp,NYSE,4215419358.18
ATHM,Autohome Inc,NYSE,13293144338.88
ALV,Autoliv Inc,NYSE,13914195752.4
AN,AutoNation Inc,NYSE,4443171187.29
AZO,AutoZone Inc,NYSE,17494004680
AVB,AvalonBay Communities Inc,NYSE,23140301895.45
AGR,Avangrid Inc,NYSE,15586225919.68
AVY,Avery Dennison Corporation,NYSE,9376169774.37
EQH,AXA Equitable Holdings Inc,NYSE,11994180000
AXTA,Axalta Coating Systems Ltd,NYSE,7807152491.01
AXS,Axis Capital Holdings Limited,NYSE,4829066267.2
BHGE,Baker Hughes a GE company,NYSE,38549889751.84
BLL,Ball Corporation,NYSE,12827586118.25
BBVA,Banco Bilbao Viscaya Argentaria SA,NYSE,47341994718
BBD,Banco Bradesco Sa,NYSE,54338479458.48
BBDO,Banco Bradesco Sa,NYSE,44244570224.92
BCH,Banco De Chile,NYSE,15766867128.6
BSMX,Banco Santander (M?xico) SA Instituci?n de Ban,NYSE,8809518672.79
BSBR,Banco Santander Brasil SA,NYSE,65337788520.32
BSAC,Banco Santander Chile,NYSE,15184046634.68
SAN,Banco Santander SA,NYSE,91491990809.94
CIB,BanColombia SA,NYSE,11388031680
BAC,Bank of America Corporation,NYSE,304586206596.56
BMO,Bank Of Montreal,NYSE,50116805095.39
BK,Bank Of New York Mellon Corporation (The),NYSE,57173951446.03
BNS,Bank of Nova Scotia (The),NYSE,71396674188.06
BKU,BankUnited Inc,NYSE,4635232080.8
BCS,Barclays PLC,NYSE,47048394877
ABX,Barrick Gold Corporation,NYSE,15099722684.9
BAX,Baxter International Inc,NYSE,40311378175.6
BBT,BB&T Corporation,NYSE,42410703665.4
BCE,BCE Inc,NYSE,37723672732.82
BDX,Becton Dickinson and Company,NYSE,61886618162.4
BERY,Berry Global Group Inc,NYSE,6220191000
BBY,Best Buy Co Inc,NYSE,20173070133.68
BSTI,BEST Inc,NYSE,4630270000
BHP,BHP Billiton Limited,NYSE,138281072410.7
BBL,BHP Billiton plc,NYSE,127397646197
BIO,Bio-Rad Laboratories Inc,NYSE,8866001134.3
BKI,Black Knight Inc,NYSE,7754460898.2
BB,BlackBerry Limited,NYSE,6735307308.84
BLK,BlackRock Inc,NYSE,88391226360.16
BA,Boeing Company (The),NYSE,216463786327.88
BAH,Booz Allen Hamilton Holding Corporation,NYSE,6468754008
BWA,BorgWarner Inc,NYSE,10666868792.16
BXP,Boston Properties Inc,NYSE,18926565626.04
BSX,Boston Scientific Corporation,NYSE,42498163461.6
BYD,Boyd Gaming Corporation,NYSE,4280006448.97
BP,BP plc,NYSE,153879942687.12
BAK,Braskem SA,NYSE,9352193911.94
BRFS,BRF SA,NYSE,5093956342.6
BFAM,Bright Horizons Family Solutions Inc,NYSE,6124230443.38
BCO,Brink&#39;s Company (The),NYSE,4151297775.45
BMY,Bristol-Myers Squibb Company,NYSE,86499775197.36
BTI,British American Tobacco plc,NYSE,113974212481.18
BRX,Brixmor Property Group Inc,NYSE,5029947666.7
BR,Broadridge Financial Solutions Inc,NYSE,14106755124.77
BAM,Brookfield Asset Management Inc,NYSE,40428120300.36
BIP,Brookfield Infrastructure Partners LP,NYSE,10466648199.93
BEP,Brookfield Renewable Partners LP,NYSE,5551081560.4
BRO,Brown & Brown Inc,NYSE,7762393456
BC,Brunswick Corporation,NYSE,5993454810.96
BT,BT Group plc,NYSE,27523358644.6
BPL,Buckeye Partners LP,NYSE,5657620983.72
BVN,Buenaventura Mining Company Inc,NYSE,4043470922.64
BG,Bunge Limited,NYSE,9876027150.99
BURL,Burlington Stores Inc,NYSE,10567819214.1
BWXT,BWX Technologies Inc,NYSE,6717412556.96
COG,Cabot Oil & Gas Corporation,NYSE,10384218342
CACI,CACI International Inc,NYSE,4160282083.5
CAE,CAE Inc,NYSE,5707993426.65
CPT,Camden Property Trust,NYSE,8373820232.32
CCJ,Cameco Corporation,NYSE,4793049984.52
CPB,Campbell Soup Company,NYSE,9978042061.72
CM,Canadian Imperial Bank of Commerce,NYSE,39344606821.45
CNI,Canadian National Railway Company,NYSE,61243084614.87
CNQ,Canadian Natural Resources Limited,NYSE,41246682794.46
CP,Canadian Pacific Railway Limited,NYSE,27586138061.4
CAJ,Canon Inc,NYSE,36776425940.28
CGC,Canopy Growth Corporation,NYSE,6309166487.26
CMD,Cantel Medical Corp,NYSE,4282297424.45
COF,Capital One Financial Corporation,NYSE,46921437047.94
CAH,Cardinal Health Inc,NYSE,16634077523.46
CSL,Carlisle Companies Incorporated,NYSE,6737674378.05
KMX,CarMax Inc,NYSE,12931431562.94
CCL,Carnival Corporation,NYSE,44019844041.9
CUK,Carnival Corporation,NYSE,44570771885.64
CRI,Carter&#39;s Inc,NYSE,5232512155.3
CTLT,Catalent Inc,NYSE,5281423527.6
CAT,Caterpillar Inc,NYSE,93585117876.66
CBRE,CBRE Group Inc,NYSE,16327892192.76
CBS,CBS Corporation,NYSE,19191973791.36
CE,Celanese Corporation,NYSE,16026898108.7
CX,Cemex SAB de CV,NYSE,9124769909.8
CVE,Cenovus Energy Inc,NYSE,12336133612.68
CNC,Centene Corporation,NYSE,24410120289.39
CNP,CenterPoint Energy Inc,NYSE,10877441691.32
EBR,Centrais Electricas Brasileiras SA- Eletrobras,NYSE,5140008527.4
CTL,CenturyLink Inc,NYSE,18976907226.14
CDAY,Ceridian HCM Holding Inc,NYSE,5088338123.04
CF,CF Industries Holdings Inc,NYSE,9931786831.68
GIB,CGI Group Inc,NYSE,16041542917.12
CRL,Charles River Laboratories International Inc,NYSE,5363727017.55
CHE,Chemed Corp,NYSE,5250982487.55
CC,Chemours Company (The),NYSE,9157124566.54
CVX,Chevron Corporation,NYSE,235774242085.64
CEA,China Eastern Airlines Corporation Ltd,NYSE,12685179097.92
LFC,China Life Insurance Company Limited,NYSE,82306820960
CHL,China Mobile (Hong Kong) Ltd,NYSE,190217236094.55
SNP,China Petroleum & Chemical Corporation,NYSE,116470503635.2
ZNH,China Southern Airlines Company Limited,NYSE,11351212540.9
CHA,China Telecom Corp Ltd,NYSE,38855630020.83
CHU,China Unicom (Hong Kong) Ltd,NYSE,42714981578.64
CMG,Chipotle Mexican Grill Inc,NYSE,12613179912.28
CHH,Choice Hotels International Inc,NYSE,4663170589.7
CB,Chubb Limited,NYSE,61183107805.25
CHT,Chunghwa Telecom Co Ltd,NYSE,28656007518.76
CHD,Church & Dwight Company Inc,NYSE,11437374237.66
CI,Cigna Corporation,NYSE,42554904651.63
XEC,Cimarex Energy Co,NYSE,7984631865.15
CIT,CIT Group Inc (DEL),NYSE,6601074855.7
C,Citigroup Inc,NYSE,173981962227.39
CFG,Citizens Financial Group Inc,NYSE,20542712078.98
CLX,Clorox Company (The),NYSE,15790907879.47
CMS,CMS Energy Corporation,NYSE,12233393336.5
CNA,CNA Financial Corporation,NYSE,13001449671.78
CNHI,CNH Industrial NV,NYSE,16140942608.23
KOF,Coca Cola Femsa SAB de CV,NYSE,12169934400
KO,Coca-Cola Company (The),NYSE,184933712769.84
CCE,Coca-Cola European Partners plc,NYSE,18570334020.42
CL,Colgate-Palmolive Company,NYSE,54581108764.37
CMA,Comerica Incorporated,NYSE,16751456839.79
CBD,Companhia Brasileira de Distribuicao,NYSE,5273808408
SBS,Companhia de saneamento Basico Do Estado De Sao Paulo - Sabesp,NYSE,4476989641.95
CCU,Compania Cervecerias Unidas SA,NYSE,4709314103.64
CAG,ConAgra Brands Inc,NYSE,14579901587.55
CXO,Concho Resources Inc,NYSE,18950008614.32
CNDT,Conduent Incorporated,NYSE,4304849663.2
COP,ConocoPhillips,NYSE,79424094199.04
ED,Consolidated Edison Inc,NYSE,22493778361.35
STZ,Constellation Brands Inc,NYSE,42929789518.8
CLR,Continental Resources Inc,NYSE,23979534302.99
CPA,Copa Holdings SA,NYSE,4491524133.36
CLB,Core Laboratories NV,NYSE,5532425451.84
CLGX,CoreLogic Inc,NYSE,4455712310.48
GLW,Corning Incorporated,NYSE,24005385340.23
COTY,Coty Inc,NYSE,9929608571.61
CUZ,Cousins Properties Incorporated,NYSE,4097375207.25
CVIA,Covia Holdings Corporation,NYSE,5233977294.75
CPL,CPFL Energia SA,NYSE,6063609922.11
CR,Crane Company,NYSE,5091460327.2
BAP,Credicorp Ltd,NYSE,18441540810
CS,Credit Suisse Group,NYSE,39566947590.2
CPG,Crescent Point Energy Corporation,NYSE,4191437440.45
CRH,CRH PLC,NYSE,32079187408.72
CCI,Crown Castle International Corporation,NYSE,42681132502.38
CCK,Crown Holdings Inc,NYSE,5984748661.2
CUBE,CubeSmart,NYSE,5654329105.26
CFR,Cullen/Frost Bankers Inc,NYSE,7544018427
CMI,Cummins Inc,NYSE,23653149795
CW,Curtiss-Wright Corporation,NYSE,5709906313.65
CVS,CVS Health Corporation,NYSE,66163344262.76
DHI,DR Horton Inc,NYSE,15979751819.78
DHR,Danaher Corporation,NYSE,71813276335.6
DRI,Darden Restaurants Inc,NYSE,11253704535.92
DVA,DaVita Inc,NYSE,11988150000
DCP,DCP Midstream LP,NYSE,5765354380.44
DCT,DCT Industrial Trust Inc,NYSE,6287421283.68
DE,Deere & Company,NYSE,51415316036.7
DK,Delek US Holdings Inc,NYSE,4754502845.99
DVMT,Dell Technologies Inc,NYSE,17413654882.5
DLPH,Delphi Technologies PLC,NYSE,4583119537.46
DAL,Delta Air Lines Inc,NYSE,37999004864.74
DB,Deutsche Bank AG,NYSE,23441155000
DVN,Devon Energy Corporation,NYSE,21726334000
DEO,Diageo plc,NYSE,90189703757.4
DLR,Digital Realty Trust Inc,NYSE,22317040531.8
DFS,Discover Financial Services,NYSE,26323345594.77
DLB,Dolby Laboratories,NYSE,6718373559.18
DG,Dollar General Corporation,NYSE,25318966603.52
D,Dominion Energy Inc,NYSE,40295082295
DPZ,Domino&#39;s Pizza Inc,NYSE,11400340083.49
DCI,Donaldson Company Inc,NYSE,6194959081.2
DEI,Douglas Emmett Inc,NYSE,6553735948.62
DOV,Dover Corporation,NYSE,12183969281.99
DWDP,DowDuPont Inc,NYSE,162547899487.44
DPS,Dr Pepper Snapple Group Inc,NYSE,21674837656.92
RDY,Dr Reddy&#39;s Laboratories Ltd,NYSE,4856776836.92
DTE,DTE Energy Company,NYSE,17592977821.22
DUK,Duke Energy Corporation,NYSE,51271671508.38
DRE,Duke Realty Corporation,NYSE,10168218387.2
DNB,Dun & Bradstreet Corporation (The),NYSE,4889999881.96
DXC,DXC Technology Company,NYSE,24136151662.5
EXP,Eagle Materials Inc,NYSE,5261214044.46
EMN,Eastman Chemical Company,NYSE,15685579967.54
ETN,Eaton Corporation PLC,NYSE,35106444000
EV,Eaton Vance Corporation,NYSE,6705958762
ECL,Ecolab Inc,NYSE,42291331518.66
EC,Ecopetrol SA,NYSE,43665929750.16
EIX,Edison International,NYSE,19190280033.4
EW,Edwards Lifesciences Corporation,NYSE,29924310956.55
LLY,Eli Lilly and Company,NYSE,93271035990.6
ERJ,Embraer SA,NYSE,4412166420.78
EME,EMCOR Group Inc,NYSE,4669411361
EMR,Emerson Electric Company,NYSE,46179304308.48
ESRT,Empire State Realty Trust Inc,NYSE,5228138820.96
ENBL,Enable Midstream Partners LP,NYSE,7275650071.2
EEP,Enbridge Energy LP,NYSE,4422955194.5
ENB,Enbridge Inc,NYSE,52791540849.62
ECA,Encana Corporation,NYSE,11749272329.8
EHC,Encompass Health Corporation,NYSE,6575472685.92
ENIA,Enel Americas SA,NYSE,11186730272.13
ENIC,Enel Chile SA,NYSE,6162937158.6
EOCC,Enel Generacion Chile SA,NYSE,5949005981.44
EGN,Energen Corporation,NYSE,6062068716.48
ETE,Energy Transfer Equity LP,NYSE,18852672950.67
ETP,Energy Transfer Partners LP,NYSE,22452114933.35
E,ENI SpA,NYSE,66414736905.75
ENLK,EnLink Midstream Partners LP,NYSE,6118752512.46
ETR,Entergy Corporation,NYSE,13814924873.6
EPD,Enterprise Products Partners LP,NYSE,63201982287.24
EVHC,Envision Healthcare Corporation,NYSE,5300577164.88
EOG,EOG Resources Inc,NYSE,67228947665.52
EPAM,EPAM Systems Inc,NYSE,6802353256.38
EPR,EPR Properties,NYSE,4597469779.74
EQT,EQT Corporation,NYSE,13723274967.06
EQGP,EQT GP Holdings LP,NYSE,7455608581.9
EQM,EQT Midstream Partners LP,NYSE,4658986868.46
EFX,Equifax Inc,NYSE,15001875481.52
EQNR,Equinor ASA,NYSE,87872526798.42
ELS,Equity Lifestyle Properties Inc,NYSE,8142781482.4
EQR,Equity Residential,NYSE,23687188414.61
ESS,Essex Property Trust Inc,NYSE,16023470280.27
EL,Estee Lauder Companies Inc (The),NYSE,54398837147.52
EVR,Evercore Inc,NYSE,4477654157.1
RE,Everest Re Group Ltd,NYSE,9347646803.7
ES,Eversource Energy,NYSE,16997754741.12
EXC,Exelon Corporation,NYSE,38335316003.49
STAY,Extended Stay America Inc,NYSE,4218900194.64
EXR,Extra Space Storage Inc,NYSE,12294392537.32
XOM,Exxon Mobil Corporation,NYSE,347428453900.22
FNB,FNB Corporation,NYSE,4530681183.93
FDS,FactSet Research Systems Inc,NYSE,7986367008
FICO,Fair Isaac Corporation,NYSE,5755014529.64
FRT,Federal Realty Investment Trust,NYSE,8913248082.34
FDX,FedEx Corporation,NYSE,68554061355.85
RACE,Ferrari NV,NYSE,34187079640.52
FCAU,Fiat Chrysler Automobiles NV,NYSE,41463325404.08
FBR,Fibria Celulose SA,NYSE,10759760850.4
FNF,Fidelity National Financial Inc,NYSE,10222946831.88
FIS,Fidelity National Information Services Inc,NYSE,35395375352.36
FAF,First American Corporation (The),NYSE,5779133497.5
FCFS,First Cash Inc,NYSE,4321260276.3
FDC,First Data Corporation,NYSE,18710373539.52
FHN,First Horizon National Corporation,NYSE,6236311960.12
FR,First Industrial Realty Trust Inc,NYSE,4033940243.34
FRC,FIRST REPUBLIC BANK,NYSE,16574002742.08
FE,FirstEnergy Corporation,NYSE,15819082078.06
FLT,FleetCor Technologies Inc,NYSE,18600720164.55
FND,Floor & Decor Holdings Inc,NYSE,5072161719.04
FLO,Flowers Foods Inc,NYSE,4250003929.92
FLS,Flowserve Corporation,NYSE,5483234248.14
FLR,Fluor Corporation,NYSE,6974526725.54
FMC,FMC Corporation,NYSE,12224655676.16
FMX,Fomento Economico Mexicano SAB de CV,NYSE,29187591684.39
FL,Foot Locker Inc,NYSE,6732601626
F,Ford Motor Company,NYSE,47699895358.08
FTS,Fortis Inc,NYSE,13177938970
FTV,Fortive Corporation,NYSE,26128115319.2
FBHS,Fortune Brands Home & Security Inc,NYSE,8451844232
FNV,Franco-Nevada Corporation,NYSE,13361679002.7
BEN,Franklin Resources Inc,NYSE,18620979204.78
FCX,Freeport-McMoran Inc,NYSE,26368054567.4
FMS,Fresenius Medical Care Corporation,NYSE,31449065892.02
GPS,Gap Inc (The),NYSE,12046427563.34
GDI,Gardner Denver Holdings Inc,NYSE,6501789493.08
IT,Gartner Inc,NYSE,12529106049.16
GTES,Gates Industrial Corporation plc,NYSE,4482531183.13
GD,General Dynamics Corporation,NYSE,59855205874.77
GE,General Electric Company,NYSE,118468010320
GIS,General Mills Inc,NYSE,24288932042.4
GM,General Motors Company,NYSE,61916777483.26
GWR,Genesee & Wyoming Inc,NYSE,4801799238.85
G,Genpact Limited,NYSE,5913458020.02
GPC,Genuine Parts Company,NYSE,13812429396.39
GGB,Gerdau SA,NYSE,7102954013.1
GGP,GGP Inc,NYSE,19599115991
GIL,Gildan Activewear Inc,NYSE,6187139131.46
GSK,GlaxoSmithKline PLC,NYSE,100827076242.32
GPN,Global Payments Inc,NYSE,18821508785.78
GMED,Globus Medical Inc,NYSE,5595564624.84
GDDY,GoDaddy Inc,NYSE,12663917600.04
GOL,Gol Linhas Aereas Inteligentes SA,NYSE,10484639619.5
GG,Goldcorp Inc,NYSE,12315102732.92
GS,Goldman Sachs Group Inc (The),NYSE,87717471344.01
GGG,Graco Inc,NYSE,7939496220
EAF,GrafTech International Ltd,NYSE,5884338720.81
GPT,Gramercy Property Trust,NYSE,4439287599.78
GPK,Graphic Packaging Holding Company,NYSE,4613925533.55
GRUB,GrubHub Inc,NYSE,9724633726
PAC,Grupo Aeroportuario Del Pacifico SA de CV,NYSE,4718571000
ASR,Grupo Aeroportuario del Sureste SA de CV,NYSE,4651800000
AVAL,Grupo Aval Acciones y Valores SA,NYSE,9658820930.19
TV,Grupo Televisa SA,NYSE,9849768023
GSH,Guangshen Railway Company Limited,NYSE,4148119267.2
GWRE,Guidewire Software Inc,NYSE,7423627201.7
HRB,H&R Block Inc,NYSE,6031300117.92
HAE,Haemonetics Corporation,NYSE,4995149590.08
HAL,Halliburton Company,NYSE,42309659685.3
HBI,Hanesbrands Inc,NYSE,6976770382.56
HOG,Harley-Davidson Inc,NYSE,7146788978.08
HRS,Harris Corporation,NYSE,18222513720.72
HIG,Hartford Financial Services Group Inc (The),NYSE,18813051755.76
HCA,HCA Healthcare Inc,NYSE,36554161280
HCP,HCP Inc,NYSE,11289179016.45
HDB,HDFC Bank Limited,NYSE,91072099947.25
HTA,Healthcare Trust of America Inc,NYSE,5279399191.94
HEI,Heico Corporation,NYSE,10113570532.62
HP,Helmerich & Payne Inc,NYSE,6994559637.12
HLF,Herbalife Nutrition Ltd,NYSE,9239287173.6
HSY,Hershey Company (The),NYSE,18949122231.95
HES,Hess Corporation,NYSE,18477950760.44
HPE,Hewlett Packard Enterprise Company,NYSE,24462540000
HXL,Hexcel Corporation,NYSE,6494094991.94
HIW,Highwoods Properties Inc,NYSE,5049050030.28
HRC,Hill-Rom Holdings Inc,NYSE,6249984281
HLT,Hilton Worldwide Holdings Inc,NYSE,25439303600.08
HFC,HollyFrontier Corporation,NYSE,13390731482.9
HD,Home Depot Inc (The),NYSE,223314507653.49
HMC,Honda Motor Company Ltd,NYSE,57278322558.93
HON,Honeywell International Inc,NYSE,112786404632
HRL,Hormel Foods Corporation,NYSE,18883187753.34
HST,Host Hotels & Resorts Inc,NYSE,16494745713.5
HHC,Howard Hughes Corporation (The),NYSE,5791660490.59
HPQ,HP Inc,NYSE,38496827893.45
HSBC,HSBC Holdings plc,NYSE,197865745609.35
HNP,Huaneng Power International Inc,NYSE,11119080486.36
HUBB,Hubbell Inc,NYSE,6104669656.44
HUBS,HubSpot Inc,NYSE,5104602083.4
HPP,Hudson Pacific Properties Inc,NYSE,5640482376
HUM,Humana Inc,NYSE,40661675561.43
HII,Huntington Ingalls Industries Inc,NYSE,10020622139.64
HUN,Huntsman Corporation,NYSE,7890549981.46
HUYA,HUYA Inc,NYSE,5897266917.08
H,Hyatt Hotels Corporation,NYSE,9430614734.66
IBN,ICICI Bank Limited,NYSE,27969519309.9
IDA,IDACORP Inc,NYSE,4372509501.5
IEX,IDEX Corporation,NYSE,10931585152.38
ITW,Illinois Tool Works Inc,NYSE,49859082558.78
INFY,Infosys Limited,NYSE,40728039194.3
ING,ING Group NV,NYSE,58409287542.64
IR,Ingersoll-Rand plc (Ireland),NYSE,22351582767.44
INGR,Ingredion Incorporated,NYSE,8024672351.32
NSP,Insperity Inc,NYSE,4125002260.6
ICE,Intercontinental Exchange Inc,NYSE,44009746555.18
IHG,Intercontinental Hotels Group,NYSE,12795859606.29
IBM,International Business Machines Corporation,NYSE,132839193561.26
IFF,International Flavors & Fragrances Inc,NYSE,9914058401.6
IGT,International Game Technology,NYSE,5215889644.2
IP,International Paper Company,NYSE,24427256346.21
IPG,Interpublic Group of Companies Inc (The),NYSE,8855388726.41
INXN,InterXion Holding NV,NYSE,4714944277.12
IVZ,Invesco Plc,NYSE,11431522991.02
INVH,Invitation Homes Inc,NYSE,11376191171.02
IQV,IQVIA Holdings Inc,NYSE,21478719884
IRM,Iron Mountain Incorporated,NYSE,9901546215.35
ICL,Israel Chemicals Shs,NYSE,6067234075.86
ITCB,Ita? CorpBanca,NYSE,5493000456.48
ITUB,Itau Unibanco Banco Holding SA,NYSE,71754662684.18
ITT,ITT Inc,NYSE,4748442000
JPM,J P Morgan Chase & Co,NYSE,375751181111.92
SJM,JM Smucker Company (The),NYSE,12100580605.84
JBL,Jabil Inc,NYSE,5036199831.6
JEC,Jacobs Engineering Group Inc,NYSE,9395130631.4
JHX,James Hardie Industries plc,NYSE,7717841582.64
JHG,Janus Henderson Group plc,NYSE,6427024845.66
JBGS,JBG SMITH Properties,NYSE,4483464874.77
JEF,Jefferies Financial Group Inc,NYSE,7855534230
JNJ,Johnson & Johnson,NYSE,329341194079.56
JCI,Johnson Controls International plc,NYSE,32018886522.84
JLL,Jones Lang LaSalle Incorporated,NYSE,7649316526.35
JNPR,Juniper Networks Inc,NYSE,9577248823.35
KSU,Kansas City Southern,NYSE,11025449944.92
KAR,KAR Auction Services Inc,NYSE,7418964648.51
KB,KB Financial Group Inc,NYSE,20572452354.08
K,Kellogg Company,NYSE,21820227937.02
KMPR,Kemper Corporation,NYSE,4138396849.4
KEY,KeyCorp,NYSE,21689784712.53
KEYS,Keysight Technologies Inc,NYSE,11572848000
KRC,Kilroy Realty Corporation,NYSE,7586935986.08
KMB,Kimberly-Clark Corporation,NYSE,35194904306.25
KIM,Kimco Realty Corporation,NYSE,6887584292.82
KMI,Kinder Morgan Inc,NYSE,36885514710.88
KGC,Kinross Gold Corporation,NYSE,4474791744.24
KEX,Kirby Corporation,NYSE,5504063400
KKR,KKR & Co LP,NYSE,11259568527.9
KNX,Knight Transportation Inc,NYSE,7006039686.87
KSS,Kohl&#39;s Corporation,NYSE,12828063548.75
PHG,Koninklijke Philips NV,NYSE,39227738880
KEP,Korea Electric Power Corporation,NYSE,19425832970.02
KR,Kroger Company (The),NYSE,19842475149.72
KT,KT Corporation,NYSE,6750060802.38
KYO,Kyocera Corporation,NYSE,22059204487.32
LB,L Brands Inc,NYSE,10340790028.87
LLL,L3 Technologies Inc,NYSE,15772779562.02
LH,Laboratory Corporation of America Holdings,NYSE,18885603000
LW,Lamb Weston Holdings Inc,NYSE,9455262254.86
LVS,Las Vegas Sands Corp,NYSE,62266932884.4
LTM,LATAM Airlines Group SA,NYSE,7113162238.89
LAZ,Lazard Ltd,NYSE,6393375087.12
LEA,Lear Corporation,NYSE,13504428422.78
LEG,Leggett & Platt Incorporated,NYSE,5614396857.16
LDOS,Leidos Holdings Inc,NYSE,9401587552.12
LEN,Lennar Corporation,NYSE,17194797941.58
LII,Lennox International Inc,NYSE,8531888726.85
LPL,LG Display Co Ltd,NYSE,7549911270
LPT,Liberty Property Trust,NYSE,6607593566.33
LSI,Life Storage Inc,NYSE,4354940076.76
LNC,Lincoln National Corporation,NYSE,14968298935.64
LN,LINE Corporation,NYSE,8576638032
LYV,Live Nation Entertainment Inc,NYSE,9376221528.96
LYG,Lloyds Banking Group Plc,NYSE,62020213213.12
LMT,Lockheed Martin Corporation,NYSE,91343736906.53
L,Loews Corporation,NYSE,15876701076.72
LPX,Louisiana-Pacific Corporation,NYSE,4350966408.27
LOW,Lowe&#39;s Companies Inc,NYSE,81329721015.69
LYB,LyondellBasell Industries NV,NYSE,46468859799.96
MTB,M&T Bank Corporation,NYSE,25918747674.44
MAC,Macerich Company (The),NYSE,8040800792.22
BMA,Macro Bank Inc,NYSE,5456414286.96
M,Macy&#39;s Inc,NYSE,12285463706.6
MMP,Magellan Midstream Partners LP,NYSE,16058093409.2
MGA,Magna International Inc,NYSE,23447638980.4
MAN,ManpowerGroup,NYSE,6074734355.88
MFC,Manulife Financial Corp,NYSE,37779743801.55
MRO,Marathon Oil Corporation,NYSE,17661116131.2
MPC,Marathon Petroleum Corporation,NYSE,36033153815.12
MKL,Markel Corporation,NYSE,15420066202.98
MMC,Marsh & McLennan Companies Inc,NYSE,41387270545.17
MLM,Martin Marietta Materials Inc,NYSE,14326491673.74
MAS,Masco Corporation,NYSE,11916637825.12
MTZ,MasTec Inc,NYSE,4111899010.1
MA,Mastercard Incorporated,NYSE,225336337961
MMS,Maximus Inc,NYSE,4128573876
MKC,McCormick & Company Incorporated,NYSE,13283140191.2
MCD,McDonald&#39;s Corporation,NYSE,127497105887.24
MCK,McKesson Corporation,NYSE,29426705601.04
MDU,MDU Resources Group Inc,NYSE,5327903377.28
MPW,Medical Properties Trust Inc,NYSE,4982305862.76
MD,Mednax Inc,NYSE,4384576444.8
MDT,Medtronic plc,NYSE,118141991754.96
MRK,Merck & Company Inc,NYSE,166610520403.14
MET,MetLife Inc,NYSE,47929425522.6
MTD,Mettler-Toledo International Inc,NYSE,14851530801.25
MTG,MGIC Investment Corporation,NYSE,4103391333.6
MGP,MGM Growth Properties LLC,NYSE,8023492486.88
MGM,MGM Resorts International,NYSE,17566601423.45
KORS,Michael Kors Holdings Limited,NYSE,9510647336.55
MFGP,Micro Focus Intl PLC,NYSE,7858095230.47
MAA,Mid-America Apartment Communities Inc,NYSE,10845459382.41
MUFG,Mitsubishi UFJ Financial Group Inc,NYSE,81346318013.4
MFG,Mizuho Financial Group Inc,NYSE,44768563216.78
MBT,Mobile TeleSystems OJSC,NYSE,9143436882.3
MHK,Mohawk Industries Inc,NYSE,15353901758.34
MOH,Molina Healthcare Inc,NYSE,5328967150
TAP,Molson Coors Brewing  Company,NYSE,10057800825.75
MON,Monsanto Company,NYSE,56462286136.65
MCO,Moody&#39;s Corporation,NYSE,34217689000
MS,Morgan Stanley,NYSE,91894219388.49
MOS,Mosaic Company (The),NYSE,11207912023.56
MSI,Motorola Solutions Inc,NYSE,18415322830.8
MPLX,MPLX LP,NYSE,29003860137.72
MSM,MSC Industrial Direct Company Inc,NYSE,5172645187.64
MSCI,MSCI Inc,NYSE,14729068449.6
MUR,Murphy Oil Corporation,NYSE,5706793404.9
NFG,National Fuel Gas Company,NYSE,4435560670.26
NGG,National Grid Transco PLC,NYSE,37318323969.03
NOV,National Oilwell Varco Inc,NYSE,16140461863.5
NNN,National Retail Properties,NYSE,6415511264.7
EDU,New Oriental Education & Technology Group Inc,NYSE,16464146028.04
NEWR,New Relic Inc,NYSE,6018009110.23
NRZ,New Residential Investment Corp,NYSE,6077327869.28
NYCB,New York Community Bancorp Inc,NYSE,5830783613.68
NWL,Newell Brands Inc,NYSE,11705370000
NFX,Newfield Exploration Company,NYSE,5652253780.6
NEU,NewMarket Corporation,NYSE,4701620099.52
NEM,Newmont Mining Corporation,NYSE,20624584301.32
NEE,NextEra Energy Inc,NYSE,73605376997.88
NLSN,Nielsen NV,NYSE,10957494103.76
NKE,Nike Inc,NYSE,120479014552
NI,NiSource Inc,NYSE,8539348131.16
NBL,Noble Energy Inc,NYSE,16688981184.85
NOK,Nokia Corporation,NYSE,33169574221.51
NMR,Nomura Holdings Inc ADR,NYSE,17719427761.02
JWN,Nordstrom Inc,NYSE,8698538626.56
NSC,Norfolk Souther Corporation,NYSE,42963319185.16
NOC,Northrop Grumman Corporation,NYSE,58457060126.52
NCLH,Norwegian Cruise Line Holdings Ltd,NYSE,11582743570.35
NVS,Novartis AG,NYSE,175299468000
NVO,Novo Nordisk A/S,NYSE,138721379237.95
NRG,NRG Energy Inc,NYSE,10687237526.18
NUS,Nu Skin Enterprises Inc,NYSE,4601297743.98
NUE,Nucor Corporation,NYSE,21398360569.18
NTR,Nutrien Ltd,NYSE,33405043630.13
NVT,nVent Electric plc,NYSE,5013470435.8
NVR,NVR Inc,NYSE,11269924155
OAK,Oaktree Capital Group LLC,NYSE,6546797733
OXY,Occidental Petroleum Corporation,NYSE,66208493480.58
OGE,OGE Energy Corporation,NYSE,6712960119.96
ORI,Old Republic International Corporation,NYSE,6418426115.88
OLN,Olin Corporation,NYSE,5544772966.2
OHI,Omega Healthcare Investors Inc,NYSE,6035457099.78
OMC,Omnicom Group Inc,NYSE,16694420238.6
OMF,OneMain Holdings Inc,NYSE,4543434435.96
OKE,ONEOK Inc,NYSE,27813414880.08
ORCL,Oracle Corporation,NYSE,194930445750
ORAN,Orange,NYSE,46231426653.28
OA,Orbital ATK Inc,NYSE,7777778844
IX,Orix Corp Ads,NYSE,21833203429.03
OSK,Oshkosh Corporation,NYSE,5587525191.19
OC,Owens Corning Inc,NYSE,6889066981.3
PCG,Pacific Gas & Electric Co,NYSE,21250991707.3
PKG,Packaging Corporation of America,NYSE,11607472286.46
PAGS,PagSeguro Digital Ltd,NYSE,10478163081.76
PANW,Palo Alto Networks Inc,NYSE,18643364483.34
PK,Park Hotels & Resorts Inc,NYSE,6424065753.68
PH,Parker-Hannifin Corporation,NYSE,23158873691.58
PE,Parsley Energy Inc,NYSE,8595974762.83
PAYC,Paycom Software Inc,NYSE,6463882408.32
PBF,PBF Energy Inc,NYSE,5450990117.76
BTU,Peabody Energy Corporation,NYSE,5873400000
PSO,Pearson Plc,NYSE,9391462457.88
PBA,Pembina Pipeline Corp,NYSE,17304045684.87
PAG,Penske Automotive Group Inc,NYSE,4298893344.4
PNR,Pentair plc,NYSE,7906083874.08
PEN,Penumbra Inc,NYSE,5685918961.8
PKI,PerkinElmer Inc,NYSE,8663777593.01
PRGO,Perrigo Company,NYSE,10138195840.64
PTR,PetroChina Company Limited,NYSE,153097047929.7
PBR,Petroleo Brasileiro SA- Petrobras,NYSE,65483374588.6
PFE,Pfizer Inc,NYSE,212807394726.24
PM,Philip Morris International Inc,NYSE,119461305766.25
PSX,Phillips 66,NYSE,54339879750.9
PSXP,Phillips 66 Partners LP,NYSE,6483761215.5
PF,Pinnacle Foods Inc,NYSE,7563830655.15
PNW,Pinnacle West Capital Corporation,NYSE,8299844407.2
PXD,Pioneer Natural Resources Company,NYSE,32548238793.54
PVTL,Pivotal Software Inc,NYSE,5086835485.44
PAA,Plains All American Pipeline LP,NYSE,17660683867.26
PLNT,Planet Fitness Inc,NYSE,4319682165.3
PHI,PLDT Inc,NYSE,5407876048.25
PNC,PNC Financial Services Group Inc (The),NYSE,69316796188.2
PII,Polaris Industries Inc,NYSE,7927810556.4
PKX,POSCO,NYSE,27145895887.04
POST,Post Holdings Inc,NYSE,5299645016.6
PPG,PPG Industries Inc,NYSE,25912116941.12
PPL,PPL Corporation,NYSE,19568382313.35
PX,Praxair Inc,NYSE,46631446006.41
PRI,Primerica Inc,NYSE,4439396647
PG,Procter & Gamble Company (The),NYSE,186960471040.6
PGR,Progressive Corporation (The),NYSE,36446157000
PLD,Prologis Inc,NYSE,35161878042.48
PB,Prosperity Bancshares Inc,NYSE,5254430773.78
PRU,Prudential Financial Inc,NYSE,41853000000
PUK,Prudential Public Limited Company,NYSE,64407749179.9
TLK,PT Telekomunikasi Indonesia Tbk,NYSE,26806235811.96
PEG,Public Service Enterprise Group Incorporated,NYSE,25776193533.7
PSA,Public Storage,NYSE,37215396208.8
PHM,PulteGroup Inc,NYSE,8894098734.85
PSTG,Pure Storage Inc ,NYSE,5422414229.3
PVH,PVH Corp,NYSE,12668258096.4
QGEN,Qiagen NV,NYSE,8358740250
PWR,Quanta Services Inc,NYSE,5550500800.6
DGX,Quest Diagnostics Incorporated,NYSE,14666899535.99
RL,Ralph Lauren Corporation,NYSE,11385025929.2
RJF,Raymond James Financial Inc,NYSE,14669324947.09
RYN,Rayonier Inc,NYSE,5091613290.8
RTN,Raytheon Company,NYSE,61161270000
O,Realty Income Corporation,NYSE,15149307049.59
RHT,Red Hat Inc,NYSE,30646810077.83
REG,Regency Centers Corporation,NYSE,10024018752.47
RF,Regions Financial Corporation,NYSE,21620614746.5
RGA,Reinsurance Group of America Incorporated,NYSE,9765565585.05
RS,Reliance Steel & Aluminum Co,NYSE,6984800659.68
RENX,RELX NV,NYSE,44397757722.84
RELX,RELX PLC,NYSE,45503697378.56
RNR,RenaissanceRe Holdings Ltd,NYSE,5053634466.92
RSG,Republic Services Inc,NYSE,22381173496.5
RMD,ResMed Inc,NYSE,15224473370.94
QSR,Restaurant Brands International Inc,NYSE,15234247340.15
RNG,Ringcentral Inc,NYSE,6127737374.25
RIO,Rio Tinto Plc,NYSE,106325429534.26
RLJ,RLJ Lodging Trust,NYSE,4112018071.32
RHI,Robert Half International Inc,NYSE,8344180352.1
ROK,Rockwell Automation Inc,NYSE,22353311912
COL,Rockwell Collins Inc,NYSE,22699946621
RCI,Rogers Communication Inc,NYSE,19162549100.46
ROL,Rollins Inc,NYSE,11465776194.45
ROP,Roper Technologies Inc,NYSE,29272778078.4
RY,Royal Bank Of Canada,NYSE,110472347488.56
RBS,Royal Bank Scotland plc (The),NYSE,44200399934.25
RCL,Royal Caribbean Cruises Ltd,NYSE,22102129627.06
RPM,RPM International Inc,NYSE,6764042763.36
RSPP,RSP Permian Inc,NYSE,6432764371.8
RHP,Ryman Hospitality Properties Inc,NYSE,4353184921.67
SPGI,S&P Global Inc,NYSE,51815547000
CRM,Salesforcecom Inc,NYSE,100701461615.1
SNY,Sanofi,NYSE,95953708657.6
SC,Santander Consumer USA Holdings Inc,NYSE,6779801979.6
SAP,SAP SE,NYSE,139497138854.27
SSL,Sasol Ltd,NYSE,24681171351.3
SCG,Scana Corporation,NYSE,5067577885.26
SLB,Schlumberger NV,NYSE,95421827181.35
SNDR,Schneider National Inc,NYSE,5034115620.82
SMG,Scotts Miracle-Gro Company (The),NYSE,4689483090.6
SE,Sea Limited,NYSE,5359459408
SEE,Sealed Air Corporation,NYSE,6995909498.58
SMI,Semiconductor  Manufacturing International Corporation,NYSE,6746651359.92
SRE,Sempra Energy,NYSE,26601321564.27
ST,Sensata Technologies Holding plc,NYSE,9316384849.5
SCI,Service Corporation International,NYSE,6754388097.12
SERV,ServiceMaster Global Holdings Inc,NYSE,8041853622.43
NOW,ServiceNow Inc,NYSE,32935856403.84
SJR,Shaw Communications Inc,NYSE,9855026164.98
SHLX,Shell Midstream Partners LP,NYSE,5201385790.44
SHW,Sherwin-Williams Company (The),NYSE,37003868197.73
SHG,Shinhan Financial Group Co Ltd,NYSE,20698811972.55
SHOP,Shopify Inc,NYSE,15372342994.32
SPG,Simon Property Group Inc,NYSE,51183770941.38
SHI,SINOPEC Shangai Petrochemical Company Ltd,NYSE,7746603321.95
SIX,Six Flags Entertainment Corporation New,NYSE,5826369090.74
SKM,SK Telecom Co Ltd,NYSE,14904257813.94
SKX,Skechers USA Inc,NYSE,4570141881.48
SLG,SL Green Realty Corporation,NYSE,8759159695.26
SNN,Smith & Nephew SNATS Inc,NYSE,16186596664.8
AOS,Smith (AO) Corporation,NYSE,10884639849.6
SNAP,Snap Inc,NYSE,16519786700.56
SNA,Snap-On Incorporated,NYSE,8796029403.24
SQM,Sociedad Quimica y Minera SA,NYSE,13749386413.76
SOGO,Sogou Inc,NYSE,4499894314.96
SON,Sonoco Products Company,NYSE,5263900198.21
SNE,Sony Corp Ord,NYSE,63463723464.96
SO,Southern Company (The),NYSE,43388579951.8
SCCO,Southern Copper Corporation,NYSE,40653567184.71
LUV,Southwest Airlines Company,NYSE,29425013821
SEP,Spectra Energy Partners LP,NYSE,14677481602.86
SPB           ,Spectrum Brands Holdings Inc,NYSE,4511249532.5
SPR,Spirit Aerosystems Holdings Inc,NYSE,10005170973.48
SPOT,Spotify Technology SA,NYSE,29502610817.6
S,Sprint Corporation,NYSE,20980011995.87
SQ,Square Inc,NYSE,25131586009.6
SWK,Stanley Black & Decker Inc,NYSE,22019996615.9
STWD,STARWOOD PROPERTY TRUST INC,NYSE,5761079550.63
STT,State Street Corporation,NYSE,36354447491.44
STE,STERIS plc,NYSE,8994901372.5
STL,Sterling Bancorp,NYSE,5693205193.25
SF,Stifel Financial Corporation,NYSE,4408695095.49
STM,STMicroelectronics NV,NYSE,22775154627.4
STOR,STORE Capital Corporation,NYSE,5303525955.78
SYK,Stryker Corporation,NYSE,67185751714.52
SMFG,Sumitomo Mitsui Financial Group Inc,NYSE,59311077060.6
SUI,Sun Communities Inc,NYSE,7723510620.56
SLF,Sun Life Financial Inc,NYSE,25562635074.62
SU,Suncor Energy  Inc,NYSE,64408991977.8
STI,SunTrust Banks Inc,NYSE,32705196198.72
SYF,Synchrony Financial,NYSE,26854240112.64
SNX,Synnex Corporation,NYSE,4484206212.2
SNV,Synovus Financial Corp,NYSE,6725719287.28
SYY,Sysco Corporation,NYSE,34270615636.4
DATA,Tableau Software Inc,NYSE,8207303755.2
TSM,Taiwan Semiconductor Manufacturing Company Ltd,NYSE,205161166560
TAL,TAL Education Group,NYSE,22130271836.28
TPR,Tapestry Inc,NYSE,13164782055.4
TRGP,Targa Resources Inc,NYSE,10703826718.95
TGT,Target Corporation,NYSE,41531205282.4
TARO,Taro Pharmaceutical Industries Ltd,NYSE,4835997254.95
TTM,Tata Motors Ltd,NYSE,15050410723.44
TCF,TCF Financial Corporation,NYSE,4556303290.6
TEL,TE Connectivity Ltd,NYSE,34124548791.74
FTI,TechnipFMC plc,NYSE,14696780998.9
TECK,Teck Resources Ltd,NYSE,16631036448.54
TEO,Telecom Argentina Stet - France Telecom SA,NYSE,9807895197.54
TI,Telecom Italia SPA,NYSE,17345656966.76
TDY,Teledyne Technologies Incorporated,NYSE,7522029686.7
TFX,Teleflex Incorporated,NYSE,12697996060.26
VIV,Telefonica Brasil SA,NYSE,19909699619.04
TEF,Telefonica SA,NYSE,47300319659.46
TU,TELUS Corporation,NYSE,21233248875.1
TS,Tenaris SA,NYSE,21285079044.9
TDC,Teradata Corporation,NYSE,5171019000
TER,Teradyne Inc,NYSE,7579942574.54
TX,Ternium SA,NYSE,7608885560.52
TEVA,Teva Pharmaceutical Industries Limited,NYSE,22155136867.6
TPL,Texas Pacific Land Trust,NYSE,5345126975.42
TXT,Textron Inc,NYSE,17630799403.8
AES,The AES Corporation,NYSE,8274110910.03
BX,The Blackstone Group LP,NYSE,39325042435.28
SCHW,The Charles Schwab Corporation,NYSE,78185273068
COO,The Cooper Companies Inc ,NYSE,11222679488.67
THG,The Hanover Insurance Group Inc,NYSE,5133892392.36
MSG,The Madison Square Garden Company,NYSE,6351482189.19
TRV,The Travelers Companies Inc,NYSE,34801547085.92
TMO,Thermo Fisher Scientific Inc,NYSE,87815108873.7
TRI,Thomson Reuters Corp,NYSE,28152516100.68
THO,Thor Industries Inc,NYSE,5187331730.6
TIF,Tiffany & Co,NYSE,16432265763.97
TSU,TIM Participacoes SA,NYSE,8362246168.65
TWX,Time Warner Inc,NYSE,74257760390.52
TJX,TJX Companies Inc (The),NYSE,58956613478.4
TOL,Toll Brothers Inc,NYSE,5951422400
TMK,Torchmark Corporation,NYSE,9711395238.64
TTC,Toro Company (The),NYSE,6343194668.66
TD,Toronto Dominion Bank (The),NYSE,107415775008.6
TOT,Total SA,NYSE,161979174054.8
TSS,Total System Services Inc,NYSE,16141392984.42
TM,Toyota Motor Corp Ltd Ord,NYSE,201328978495.32
TRP,TransCanada Corporation,NYSE,36824724695.29
TDG,Transdigm Group Incorporated,NYSE,17815331052.64
RIG,Transocean Ltd,NYSE,5954355471.21
TRU,TransUnion,NYSE,13314240000
TRN,Trinity Industries Inc,NYSE,5174395593.86
TKC,Turkcell Iletisim Hizmetleri AS,NYSE,5728800000
TRQ,Turquoise Hill Resources Ltd,NYSE,5714973091.96
TWLO,Twilio Inc,NYSE,5623943173.28
TWTR,Twitter Inc,NYSE,30181927371.8
TYL,Tyler Technologies Inc,NYSE,9024690761.73
TSN,Tyson Foods Inc,NYSE,25071050626.6
USB,US Bancorp,NYSE,85030146796.89
UBS,UBS AG,NYSE,59661645122.16
UDR,UDR Inc,NYSE,9957410139.8
UGI,UGI Corporation,NYSE,8401417170.89
UGP,Ultrapar Participacoes SA,NYSE,7186901977.96
UA,Under Armour Inc,NYSE,9826801288.2
UAA,Under Armour Inc,NYSE,10782802318.5
UN,Unilever NV,NYSE,153043786916.46
UL,Unilever PLC,NYSE,67359691977.39
UNP,Union Pacific Corporation,NYSE,109652207747.6
UAL,United Continental Holdings Inc,NYSE,19508400087.48
UMC,United Microelectronics Corporation,NYSE,6709569842.97
UPS,United Parcel Service Inc,NYSE,100834750940.62
URI,United Rentals Inc,NYSE,13780906598.55
X,United States Steel Corporation,NYSE,6638628743.7
UTX,United Technologies Corporation,NYSE,101463542999.96
UNH,UnitedHealth Group Incorporated,NYSE,238947985823.3
UHS,Universal Health Services Inc,NYSE,10954943140.44
UNM,Unum Group,NYSE,8619952704.66
USFD,US Foods Holding Corp,NYSE,8110232657.05
USG,USG Corporation,NYSE,5767654816.7
VFC,VF Corporation,NYSE,33185787968.29
MTN,Vail Resorts Inc,NYSE,10488898377.7
VALE,VALE SA,NYSE,75986609203.8
VRX,Valeant Pharmaceuticals International Inc,NYSE,8860684687.47
VLO,Valero Energy Corporation,NYSE,52240038261.6
VR,Validus Holdings Ltd,NYSE,5384854420.64
VLY,Valley National Bancorp,NYSE,4385902074.64
VVV,Valvoline Inc,NYSE,4101514862.56
VAR,Varian Medical Systems Inc,NYSE,11239523652.13
VVC,Vectren Corporation,NYSE,5848050121.05
VEDL,Vedanta  Limited,NYSE,14069589267.26
VEEV,Veeva Systems Inc,NYSE,11705359811.46
VTR,Ventas Inc,NYSE,19362011903.52
VER,VEREIT Inc,NYSE,6855296510.52
VZ,Verizon Communications Inc,NYSE,200025109952.28
VET,Vermilion Energy Inc,NYSE,5245647589.58
VSM,Versum Materials Inc,NYSE,4484110385.16
VICI,VICI Properties Inc,NYSE,7395208109.28
VIPS,Vipshop Holdings Limited,NYSE,8142631937.25
V,Visa Inc,NYSE,314453013985.56
VST,Vistra Energy Corp,NYSE,12869947012.34
VMW,Vmware Inc,NYSE,60553194080.34
VNO,Vornado Realty Trust,NYSE,13657949645.76
VOYA,Voya Financial Inc,NYSE,8989378248.75
VMC,Vulcan Materials Company,NYSE,17214505944.3
WPC,WP Carey Inc,NYSE,7201344447.06
WRB,WR Berkley Corporation,NYSE,9465855824.4
GRA,WR Grace & Co,NYSE,4982618644.32
GWW,WW Grainger Inc,NYSE,17406784728
WBC,Wabco Holdings Inc,NYSE,6661172116.56
WMT,Walmart Inc,NYSE,249661584327.68
DIS,Walt Disney Company (The),NYSE,151514747633.31
WCN,Waste Connections Inc,NYSE,20405537738
WM,Waste Management Inc,NYSE,36132957936.92
WAT,Waters Corporation,NYSE,15793909689.6
WSO,Watsco Inc,NYSE,6967545631
W,Wayfair Inc,NYSE,9370578624.75
WBS,Webster Financial Corporation,NYSE,6196381832.16
WEC,WEC Energy Group Inc,NYSE,18724072866.72
WTW,Weight Watchers International Inc,NYSE,5823556639.94
WCG,WellCare Health Plans Inc,NYSE,10259084808.81
WFC,Wells Fargo & Company,NYSE,270834327693.72
WELL,Welltower Inc,NYSE,21400096730.54
WST,West Pharmaceutical Services Inc,NYSE,7087757469.39
WAL,Western Alliance Bancorporation,NYSE,6669202932
WGP,Western Gas Equity Partners LP,NYSE,8072064908.67
WES,Western Gas Partners LP,NYSE,8776964113.5
WU,Western Union Company (The),NYSE,9652243157.15
WAB,Westinghouse Air Brake Technologies Corporation,NYSE,9782204112.26
WLK,Westlake Chemical Corporation,NYSE,15423051203.82
WBK,Westpac Banking Corporation,NYSE,72192988017.8
WRK,Westrock Company,NYSE,15620483767.16
WEX,WEX Inc,NYSE,8295119953.2
WY,Weyerhaeuser Company,NYSE,29031485174.25
WGL,WGL Holdings Inc,NYSE,4540151688.8
WPM,Wheaton Precious Metals Corp,NYSE,9843321379.32
WHR,Whirlpool Corporation,NYSE,10449281926.8
WLL,Whiting Petroleum Corporation,NYSE,4761857097.41
WMB,Williams Companies Inc (The),NYSE,21677038722
WPZ,Williams Partners LP,NYSE,38254435406.24
WSM,Williams-Sonoma Inc,NYSE,5129804080
WIT,Wipro Limited,NYSE,20929088917.05
WF,Woori Bank,NYSE,10323492132
WWE,World Wrestling Entertainment Inc,NYSE,4834802865.88
WP,Worldpay Inc,NYSE,25869515952.42
WPP,WPP plc,NYSE,20602735964.64
WPX,WPX Energy Inc,NYSE,6973460856.8
WYND,Wyndham Destinations Inc,NYSE,4883379579.54
XRX,Xerox Corporation,NYSE,7049527812.64
XL,XL Group Ltd,NYSE,14510570794.86
XPO,XPO Logistics Inc,NYSE,13204606961.15
XYL,Xylem Inc,NYSE,13065888364.38
YPF,YPF Sociedad Anonima,NYSE,6914438900.94
YUMC,Yum China Holdings Inc,NYSE,15914234829.96
YUM,Yum! Brands Inc,NYSE,27024184155.69
ZAYO,Zayo Group Holdings Inc,NYSE,8863499614.04
ZEN,Zendesk Inc,NYSE,6059940044.76
ZBH,Zimmer Biomet Holdings Inc,NYSE,23209519203.42
ZTS,Zoetis Inc,NYSE,41355979327.74
ZTO,ZTO Express (Cayman) Inc,NYSE,15131805355.26
